,names,parents,values,color
0,전자/영상/통신장비등,전산업,12320,-2.610202522326095
1,정보통신업,전산업,10533,-2.84881536051367
2,의료물질/의약품,전산업,7373,-2.47145236194972
3,전문/과학/기술,전산업,7204,-2.5456298352905264
4,화학물질/제품,전산업,6044,-3.0826754298255645
5,금융,전산업,5609,-3.6592637746389047
6,기타기계/장비,전산업,5486,-1.4618446822139994
7,도매/소매,전산업,4280,-2.736881172831347
8,자동차,전산업,3699,-3.3115896931812014
9,1차금속,전산업,2634,-2.818040159816203
10,의료/정밀기기,전산업,2502,-2.959315589441694
11,예술/스포츠/여가,전산업,1757,-3.4070129407021184
12,조선/기타운수,전산업,1648,-2.2765085925883755
13,식료품,전산업,1598,-3.349070472563765
14,전기장비,전산업,1466,-3.505743597715969
15,운수/창고업,전산업,1389,-3.215326286752655
16,인쇄/기록매체복제,전산업,1249,1.2649100810538647
17,기타제조업,전산업,1205,-3.228791158524945
18,건설업,전산업,950,-3.60870012508627
19,고무/플라스틱,전산업,944,-3.261529160918563
20,석유정제/코크스,전산업,662,-3.2834299188125367
21,부동산업,전산업,650,1.7898723201494051
22,의복/모피,전산업,643,-3.6544811229530256
23,전기/가스/증기,전산업,600,-3.516738457252099
24,음료,전산업,403,-3.6708896131729505
25,사업시설/사업지원/임대업,전산업,336,2.826302592291334
26,비금속광물,전산업,312,2.824742282769586
27,펄프/종이,전산업,307,-3.5799385226572378
28,금속가공,전산업,147,-3.866962142498717
29,교육서비스,전산업,144,-2.8886341379976237
30,섬유,전산업,137,5.8977953559114855
31,가구,전산업,113,4.6048013864264705
32,하수/폐기물처리업,전산업,87,-4.0208258652769455
33,숙박업,전산업,81,0.7215466550816472
34,목재/나무,전산업,63,inf
35,기타개인서비스,전산업,15,-4.605170185988092
36,가죽/가방/신발,전산업,5,2.3025850929940472
0,소프트웨어 개발 및 공급업,정보통신업,6341,-2.8092079561262993
1,전자부품 제조업,전자/영상/통신장비등,5031,-3.415389427464272
2,특수 목적용 기계 제조업,기타기계/장비,4553,-1.2870927018177098
3,의약품 제조업,의료물질/의약품,3588,-2.6142421679134142
4,기타 화학제품 제조업,화학물질/제품,3168,-2.949050418864166
5,자연과학 및 공학 연구개발업,전문/과학/기술,3077,-2.948839479509615
6,기타 금융업,금융,2982,-3.467668209758452
7,기초 의약물질 및 생물학적 제제 제조업,의료물질/의약품,2714,-2.5638225974377886
8,통신 및 방송 장비 제조업,전자/영상/통신장비등,2665,2.2082390614154157
9,기초 화학물질 제조업,화학물질/제품,2535,-3.1142738513188926
10,일차전지 및 축전지 제조업,전자/영상/통신장비등,2384,-1.1390147321018642
11,"자료처리, 호스팅, 포털 및 기타 인터넷 정보매개 서비스업",정보통신업,2170,-3.7474470293854143
12,자동차 신품 부품 제조업,자동차,2005,-0.9918102162038724
13,1차 철강 제조업,1차금속,1997,-0.18125528741496755
14,의료용 기기 제조업,의료/정밀기기,1974,-3.027451512379978
15,반도체 제조업,전자/영상/통신장비등,1667,-3.6637769644940588
16,자동차용 엔진 및 자동차 제조업,자동차,1646,-4.043107465518639
17,종합 소매업,도매/소매,1499,1.9063937956246255
18,기타 식품 제조업,식료품,1389,-3.397434088106043
19,전기 통신업,정보통신업,1282,3.2714250172313135
20,"영화, 비디오물, 방송프로그램 제작 및 배급업",예술/스포츠/여가,1280,-3.292462828007795
21,오디오물 출판 및 원판 녹음업,인쇄/기록매체복제,1240,-1.7411842139718483
22,광고업,전문/과학/기술,1204,-3.223967773635357
23,금융 지원 서비스업,금융,1110,-4.128473866759338
24,의료용품 및 기타 의약 관련제품 제조업,의료물질/의약품,1071,-1.600256886359718
25,기타 정보 서비스업,전문/과학/기술,961,-1.8757850410376593
26,일반 목적용 기계 제조업,기타기계/장비,933,-1.74946365589006
27,"전동기, 발전기 및 전기 변환 · 공급 · 제어 장치 제조업",전기장비,875,-3.630038954091003
28,선박 및 보트 건조업,조선/기타운수,832,-2.603029807041132
29,보험업,금융,790,-4.194651115264026
30,텔레비전 방송업,정보통신업,680,-4.039140007875005
31,석유 정제품 제조업,석유정제/코크스,662,-3.2834299188125367
32,부동산 임대 및 공급업,부동산업,650,1.7898723201494051
33,1차 비철금속 제조업,1차금속,637,-3.925011186877728
34,"항공기,우주선 및 부품 제조업",조선/기타운수,635,-2.581728553346431
35,"건축기술, 엔지니어링 및 관련 기술 서비스업",전문/과학/기술,631,-2.9993566630280073
36,기타 전문 도매업,도매/소매,621,-3.449347814574369
37,토목 건설업,건설업,530,-3.4766400301123834
38,"측정, 시험, 항해, 제어 및 기타 정밀기기 제조업; 광학기기 제외",의료/정밀기기,528,-2.625639555198516
39,봉제의복 제조업,의복/모피,509,-3.5096963855768424
40,해상 운송업,운수/창고업,491,3.107535269572364
41,기타 상품 전문 소매업,도매/소매,481,-3.351165752404658
42,항공 여객 운송업,운수/창고업,467,4.119318169036533
43,은행 및 저축기관,금융,420,3.545272409500672
44,플라스틱제품 제조업,고무/플라스틱,418,-3.6046738195806536
45,"구조용 금속제품, 탱크 및 증기발생기 제조업",기타제조업,404,-2.936488934735334
46,고무제품 제조업,고무/플라스틱,404,-2.5003473664245437
47,건물 건설업,건설업,394,-3.88393971859139
48,"컴퓨터 프로그래밍, 시스템 통합 및 관리업",전문/과학/기술,373,-3.803953033607998
49,"내화, 비내화 요업제품 제조업",기타제조업,371,1.9773700108974668
50,기타 전기장비 제조업,전기장비,365,-3.3805105810104084
51,상품 중개업,도매/소매,342,-1.8192762908641542
52,전기업,전기/가스/증기,317,5.401151033103954
53,사진장비 및 광학기기 제조업,전자/영상/통신장비등,317,-3.9820668491610727
54,기계장비 및 관련 물품 도매업,도매/소매,304,5.042292613966947
55,"섬유, 의복, 신발 및 가죽제품 소매업",도매/소매,283,-3.4374808897007183
56,"그외 기타 전문, 과학 및 기술 서비스업",전문/과학/기술,282,3.3976197405984148
57,운송장비 임대업,사업시설/사업지원/임대업,280,2.5902671654458262
58,유원지 및 기타 오락관련 서비스업,예술/스포츠/여가,255,-3.728977204532282
59,연료용 가스 제조 및 배관공급업,전기/가스/증기,245,-3.834833366737016
60,기타 전문 서비스업,전문/과학/기술,240,
61,생활용품 도매업,도매/소매,239,-4.490836812050027
62,여행사 및 기타 여행보조 서비스업,예술/스포츠/여가,222,-3.31225463036524
63,기타 운송관련 서비스업,운수/창고업,220,-3.134859651682634
64,영상 및 음향기기 제조업,전자/영상/통신장비등,211,-3.4095383077406116
65,도로 화물 운송업,운수/창고업,209,-4.544910994469895
66,비알코올음료 및 얼음 제조업,음료,207,-3.6656652167871684
67,재 보험업,금융,202,-3.6834447744132084
68,알코올음료 제조업,음료,196,-3.641259565092695
69,"시멘트, 석회, 플라스터 및 그 제품 제조업",비금속광물,191,3.3183390014647713
70,화학섬유 제조업,화학물질/제품,182,-3.9955899020915537
71,기타 과학기술 서비스업,전문/과학/기술,177,-4.044140970255522
72,절연선 및 케이블 제조업,전기장비,177,-4.96832128940484
73,상품 종합 도매업,도매/소매,176,-3.4324499251662597
74,"펄프, 종이 및 판지 제조업",펄프/종이,173,-2.6402952088738036
75,무기 및 총포탄 제조업,기타제조업,155,-3.357876106786823
76,기타 금속 가공제품 제조업,금속가공,147,-3.866962142498717
77,"곡물가공품, 전분 및 전분제품 제조업",식료품,125,inf
78,합성고무 및 플라스틱 물질 제조업,고무/플라스틱,122,-4.071921859875603
79,전구 및 조명장치 제조업,기타제조업,121,
80,음·식료품 및 담배 도매업,도매/소매,118,-3.697071134524702
81,가구 제조업,가구,113,4.6048013864264705
82,철도장비 제조업,조선/기타운수,101,-4.170189591531919
83,담배 제조업,화학물질/제품,98,2.47913387070226
84,회사 본부 및 경영 컨설팅 서비스업,전문/과학/기술,97,4.552247784533749
85,신발 및 신발 부분품 제조업,의복/모피,89,-4.461102888394933
86,자동차 판매업,도매/소매,87,-4.1823133351680575
87,폐기물 처리업,하수/폐기물처리업,87,-4.0208258652769455
88,방적 및 가공사 제조업,섬유,85,
89,신탁업 및 집합투자업,금융,85,-3.494723439672979
90,그외 기타 운송장비 제조업,조선/기타운수,80,4.205370815415604
91,그외 기타 제품 제조업,기타제조업,79,-3.260653761767323
92,초등 교육기관,교육서비스,76,2.353878387381598
93,"골판지, 종이 상자 및 종이용기 제조업",펄프/종이,74,
94,전기 및 통신 공사업,전문/과학/기술,74,-2.2147543796210134
95,유리 및 유리제품 제조업,비금속광물,72,4.658525916655603
96,일반 및 생활 숙박시설 운영업,숙박업,71,-2.674062938814074
97,기타 교육기관,교육서비스,68,-3.1265025047371857
98,동물용 사료 및 조제식품 제조업,식료품,64,2.74330115057301
99,"비료, 농약 및 살균, 살충제 제조업",화학물질/제품,61,-2.3660984987163722
100,일반 교습 학원,정보통신업,60,6.019845839646207
101,기타 종이 및 판지 제품 제조업,펄프/종이,60,
102,운동 및 경기용구 제조업,기타제조업,59,-3.992290477661753
103,가전제품 및 정보통신장비 소매업,도매/소매,57,2.940689918125509
104,제재 및 목재 가공업,목재/나무,55,
105,기타 섬유제품 제조업,섬유,52,-3.4673371841667002
106,기타 비금속 광물제품 제조업,비금속광물,49,-4.058858363679032
107,가정용 기기 제조업,전기장비,49,0.7133498878774672
108,자동차 차체 및 트레일러 제조업,자동차,48,
109,컴퓨터 및 주변장치 제조업,전자/영상/통신장비등,45,-3.5102547592013083
110,전문디자인업,전문/과학/기술,42,1.897119984885882
111,"경비, 경호 및 탐정업",전문/과학/기술,41,4.095360306341936
112,"증기, 냉·온수 및 공기조절 공급업",전기/가스/증기,38,-3.34713016039188
113,자동차 부품 및 내장품 판매업,도매/소매,37,
114,산업용 기계 및 장비 임대업,사업시설/사업지원/임대업,33,-2.645529844120876
115,의복 액세서리 제조업,의복/모피,28,6.017897804176138
116,기타 사업지원 서비스업,사업시설/사업지원/임대업,23,-6.867838671576695
117,무점포 소매업,도매/소매,20,-2.2380465718564744
118,낙농제품 및 식용빙과류 제조업,식료품,20,-4.428713748646535
119,보험 및 연금관련 서비스업,금융,20,
120,실내건축 및 건축마무리 공사업,건설업,18,
121,편조의복 제조업,의복/모피,17,
122,악기 제조업,기타제조업,16,-3.984343667007772
123,산업용 농·축산물 및 동·식물 도매업,도매/소매,16,
124,그외 기타 개인 서비스업,기타개인서비스,15,-4.605170185988092
125,음식점업,숙박업,10,4.573421487673511
126,"서적, 잡지 및 기타 인쇄물 출판업",인쇄/기록매체복제,9,-5.861102729244738
127,건물설비 설치 공사업,건설업,8,4.043599363216865
128,나무제품 제조업,목재/나무,8,inf
129,"가죽, 가방 및 유사제품 제조업",가죽/가방/신발,5,2.3025850929940472
130,교육지원 서비스업,전문/과학/기술,5,
131,"도축, 육류 가공 및 저장 처리업",운수/창고업,2,
0,xxx0,자동차용 엔진 및 자동차 제조업,1255,-4.039317754
1,xxx1,"자료처리, 호스팅, 포털 및 기타 인터넷 정보매개 서비스업",1120,-3.039865108
2,xxx2,통신 및 방송 장비 제조업,909,3.637048626
3,xxx3,"자료처리, 호스팅, 포털 및 기타 인터넷 정보매개 서비스업",907,-4.403840137
4,xxx4,반도체 제조업,766,-3.636012235
5,xxx5,기초 의약물질 및 생물학적 제제 제조업,763,2.550190737
6,xxx6,1차 철강 제조업,716,-3.862695525
7,xxx7,금융 지원 서비스업,657,-4.254172764
8,xxx8,전자부품 제조업,657,-3.832265645
9,xxx9,통신 및 방송 장비 제조업,559,-3.506660115
10,xxx10,기초 화학물질 제조업,540,-3.317201344
11,xxx11,소프트웨어 개발 및 공급업,529,5.731568204
12,xxx12,전기 통신업,520,4.237445406
13,xxx13,의약품 제조업,519,-3.861358253
14,xxx14,기타 정보 서비스업,496,-3.829400809
15,xxx15,일차전지 및 축전지 제조업,485,3.700949458
16,xxx16,전자부품 제조업,479,-3.144899885
17,xxx17,소프트웨어 개발 및 공급업,478,5.485898776
18,xxx18,소프트웨어 개발 및 공급업,475,-3.649498545
19,xxx19,"건축기술, 엔지니어링 및 관련 기술 서비스업",468,-3.233598486
20,xxx20,기초 화학물질 제조업,463,-4.45617668
21,xxx21,일차전지 및 축전지 제조업,456,-3.163106476
22,xxx22,종합 소매업,442,-3.60833675
23,xxx23,기초 의약물질 및 생물학적 제제 제조업,437,-3.991359748
24,xxx24,의약품 제조업,427,-3.960485021
25,xxx25,오디오물 출판 및 원판 녹음업,416,3.789420683
26,xxx26,1차 비철금속 제조업,411,-4.008451915
27,xxx27,기초 의약물질 및 생물학적 제제 제조업,404,-2.099217391
28,xxx28,일차전지 및 축전지 제조업,394,-0.9924920617
29,xxx29,소프트웨어 개발 및 공급업,393,-3.750636712
30,xxx30,의약품 제조업,392,-3.643615674
31,xxx31,소프트웨어 개발 및 공급업,391,1.275519956
32,xxx32,자동차용 엔진 및 자동차 제조업,391,-3.841927727
33,xxx33,자동차 신품 부품 제조업,389,-2.675831481
34,xxx34,전자부품 제조업,380,3.563716311
35,xxx35,기타 화학제품 제조업,370,-3.193731252
36,xxx36,전기 통신업,370,3.708210911
37,xxx37,석유 정제품 제조업,364,-3.734552883
38,xxx38,기타 식품 제조업,361,-3.839699755
39,xxx39,"영화, 비디오물, 방송프로그램 제작 및 배급업",355,-2.981547639
40,xxx40,보험업,338,-3.922952076
41,xxx41,자동차 신품 부품 제조업,334,4.174825322
42,xxx42,의약품 제조업,327,-3.445675537
43,xxx43,기초 의약물질 및 생물학적 제제 제조업,326,-2.144700291
44,xxx44,전기 통신업,325,-2.565075247
45,xxx45,은행 및 저축기관,317,3.377212276
46,xxx46,기타 전문 도매업,310,-4.093855684
47,xxx47,자연과학 및 공학 연구개발업,303,-3.159468441
48,xxx48,기타 화학제품 제조업,302,-3.494636298
49,xxx49,텔레비전 방송업,298,-4.650289269
50,xxx50,소프트웨어 개발 및 공급업,297,6.710781445
51,xxx51,"내화, 비내화 요업제품 제조업",297,2.869148121
52,xxx52,전자부품 제조업,289,-3.459662131
53,xxx53,의약품 제조업,288,3.26913766
54,xxx54,광고업,288,-3.349407079
55,xxx55,특수 목적용 기계 제조업,286,-4.050033108
56,xxx56,광고업,283,-3.910844455
57,xxx57,기타 금융업,283,-3.841302567
58,xxx58,"영화, 비디오물, 방송프로그램 제작 및 배급업",282,-4.179966773
59,xxx59,기타 상품 전문 소매업,281,-3.002824502
60,xxx60,기타 금융업,277,-3.864835117
61,xxx61,오디오물 출판 및 원판 녹음업,272,-3.471006913
62,xxx62,소프트웨어 개발 및 공급업,270,-4.103394398
63,xxx63,전자부품 제조업,269,-3.88565613
64,xxx64,종합 소매업,269,5.821703185
65,xxx65,오디오물 출판 및 원판 녹음업,267,3.805193948
66,xxx66,자연과학 및 공학 연구개발업,266,6.405663335
67,xxx67,기초 화학물질 제조업,263,-2.876285952
68,xxx68,석유 정제품 제조업,262,-2.725705136
69,xxx69,텔레비전 방송업,261,3.34287042
70,xxx70,해상 운송업,255,-3.39058318
71,xxx71,항공 여객 운송업,249,4.458355318
72,xxx72,봉제의복 제조업,246,-3.403903743
73,xxx73,자연과학 및 공학 연구개발업,245,4.330565932
74,xxx74,기타 화학제품 제조업,245,-3.938870255
75,xxx75,기타 전문 서비스업,240,
76,xxx76,선박 및 보트 건조업,240,-4.865701269
77,xxx77,고무제품 제조업,238,-3.809569229
78,xxx78,1차 철강 제조업,236,-3.838042223
79,xxx79,일차전지 및 축전지 제조업,234,-2.163725596
80,xxx80,기타 화학제품 제조업,234,6.582332879
81,xxx81,기초 화학물질 제조업,232,-2.847312268
82,xxx82,기타 금융업,232,1.198653643
83,xxx83,종합 소매업,231,-3.667721229
84,xxx84,오디오물 출판 및 원판 녹음업,231,-4.151568109
85,xxx85,소프트웨어 개발 및 공급업,230,-6.136881547
86,xxx86,운송장비 임대업,230,3.768754924
87,xxx87,"섬유, 의복, 신발 및 가죽제품 소매업",229,-3.545946551
88,xxx88,일반 목적용 기계 제조업,225,-1.119828128
89,xxx89,종합 소매업,223,-3.296749209
90,xxx90,소프트웨어 개발 및 공급업,221,-1.865867441
91,xxx91,소프트웨어 개발 및 공급업,216,3.55961246
92,xxx92,기계장비 및 관련 물품 도매업,215,-3.32887672
93,xxx93,기타 화학제품 제조업,214,-4.755886983
94,xxx94,"구조용 금속제품, 탱크 및 증기발생기 제조업",209,-1.883247602
95,xxx95,자연과학 및 공학 연구개발업,209,1.299717861
96,xxx96,의약품 제조업,208,-4.435438724
97,xxx97,특수 목적용 기계 제조업,208,-0.6539264674
98,xxx98,"항공기,우주선 및 부품 제조업",208,-2.771108337
99,xxx99,전자부품 제조업,207,-2.979030424
100,xxx100,전기업,204,4.523492155
101,xxx101,재 보험업,202,-3.683444774
102,xxx102,전자부품 제조업,201,-3.121146232
103,xxx103,기타 상품 전문 소매업,200,4.219507705
104,xxx104,자동차 신품 부품 제조업,199,-2.593492397
105,xxx105,"항공기,우주선 및 부품 제조업",196,-3.520848425
106,xxx106,소프트웨어 개발 및 공급업,194,-4.297984055
107,xxx107,특수 목적용 기계 제조업,194,-3.64137712
108,xxx108,토목 건설업,194,-3.924909356
109,xxx109,"컴퓨터 프로그래밍, 시스템 통합 및 관리업",194,
110,xxx110,의료용품 및 기타 의약 관련제품 제조업,193,
111,xxx111,기타 금융업,187,-3.347677585
112,xxx112,기타 운송관련 서비스업,186,-2.834021671
113,xxx113,전자부품 제조업,185,2.818801565
114,xxx114,1차 철강 제조업,185,-6.921178299
115,xxx115,통신 및 방송 장비 제조업,184,4.041810987
116,xxx116,의료용 기기 제조업,184,-3.978113117
117,xxx117,통신 및 방송 장비 제조업,183,-2.445904492
118,xxx118,선박 및 보트 건조업,181,4.123384715
119,xxx119,광고업,180,0.859132318
120,xxx120,일차전지 및 축전지 제조업,179,4.330439266
121,xxx121,기타 화학제품 제조업,177,-4.101849288
122,xxx122,기타 정보 서비스업,177,
123,xxx123,의약품 제조업,176,-4.122050615
124,xxx124,소프트웨어 개발 및 공급업,176,-4.143257527
125,xxx125,종합 소매업,175,5.761152506
126,xxx126,기타 금융업,174,-4.114198898
127,xxx127,일차전지 및 축전지 제조업,174,-5.668691155
128,xxx128,소프트웨어 개발 및 공급업,173,
129,xxx129,자연과학 및 공학 연구개발업,172,-3.792785424
130,xxx130,기초 화학물질 제조업,172,-5.678549849
131,xxx131,자연과학 및 공학 연구개발업,171,
132,xxx132,자연과학 및 공학 연구개발업,169,
133,xxx133,상품 중개업,169,-3.232862067
134,xxx134,"항공기,우주선 및 부품 제조업",168,-2.706627726
135,xxx135,전자부품 제조업,168,3.685898826
136,xxx136,건물 건설업,168,-1.546006198
137,xxx137,"측정, 시험, 항해, 제어 및 기타 정밀기기 제조업; 광학기기 제외",167,
138,xxx138,기타 식품 제조업,166,3.304900313
139,xxx139,광고업,164,5.342061916
140,xxx140,광고업,164,
141,xxx141,기타 금융업,164,-3.266503874
142,xxx142,토목 건설업,164,4.666272934
143,xxx143,자동차 신품 부품 제조업,163,-3.12791412
144,xxx144,기타 식품 제조업,162,-3.335515088
145,xxx145,여행사 및 기타 여행보조 서비스업,162,-3.33593238
146,xxx146,전자부품 제조업,162,1.30933332
147,xxx147,1차 철강 제조업,161,4.653664536
148,xxx148,기타 전기장비 제조업,160,
149,xxx149,"전동기, 발전기 및 전기 변환 · 공급 · 제어 장치 제조업",160,-2.199637124
150,xxx150,상품 중개업,159,-1.950372351
151,xxx151,특수 목적용 기계 제조업,158,-2.83097704
152,xxx152,의료용 기기 제조업,157,-2.43390529
153,xxx153,반도체 제조업,157,3.512115673
154,xxx154,자연과학 및 공학 연구개발업,157,
155,xxx155,소프트웨어 개발 및 공급업,155,
156,xxx156,무기 및 총포탄 제조업,155,-3.357876107
157,xxx157,의료용품 및 기타 의약 관련제품 제조업,155,-3.646787239
158,xxx158,통신 및 방송 장비 제조업,155,-4.125145842
159,xxx159,연료용 가스 제조 및 배관공급업,153,-3.563264538
160,xxx160,기타 금융업,153,inf
161,xxx161,봉제의복 제조업,152,-3.798343381
162,xxx162,비알코올음료 및 얼음 제조업,151,-3.502283425
163,xxx163,선박 및 보트 건조업,151,3.905378463
164,xxx164,"측정, 시험, 항해, 제어 및 기타 정밀기기 제조업; 광학기기 제외",150,3.572037756
165,xxx165,도로 화물 운송업,150,-4.51485136
166,xxx166,"전동기, 발전기 및 전기 변환 · 공급 · 제어 장치 제조업",149,-4.089235835
167,xxx167,특수 목적용 기계 제조업,148,-3.702302474
168,xxx168,기타 전문 도매업,148,3.231085989
169,xxx169,의료용 기기 제조업,146,0.9552141919
170,xxx170,특수 목적용 기계 제조업,143,
171,xxx171,특수 목적용 기계 제조업,141,
172,xxx172,사진장비 및 광학기기 제조업,137,
173,xxx173,의료용 기기 제조업,137,3.21256347
174,xxx174,선박 및 보트 건조업,136,3.234952384
175,xxx175,일차전지 및 축전지 제조업,133,
176,xxx176,종합 소매업,132,5.043207867
177,xxx177,소프트웨어 개발 및 공급업,131,-3.847910774
178,xxx178,전자부품 제조업,130,-3.292983797
179,xxx179,기타 금융업,130,3.041429244
180,xxx180,의료용 기기 제조업,129,-3.274207727
181,xxx181,자연과학 및 공학 연구개발업,128,
182,xxx182,유원지 및 기타 오락관련 서비스업,128,-3.489958838
183,xxx183,기타 화학제품 제조업,128,-4.023205357
184,xxx184,소프트웨어 개발 및 공급업,127,inf
185,xxx185,금융 지원 서비스업,127,-4.605170186
186,xxx186,자연과학 및 공학 연구개발업,126,
187,xxx187,특수 목적용 기계 제조업,126,-4.086376393
188,xxx188,의료용 기기 제조업,126,5.113134577
189,xxx189,"전동기, 발전기 및 전기 변환 · 공급 · 제어 장치 제조업",125,-3.407400326
190,xxx190,광고업,125,-3.729111801
191,xxx191,기초 화학물질 제조업,124,-3.26612871
192,xxx192,보험업,123,-4.438277766
193,xxx193,특수 목적용 기계 제조업,123,3.343928599
194,xxx194,전자부품 제조업,123,-3.890947033
195,xxx195,건물 건설업,123,-4.753559883
196,xxx196,1차 철강 제조업,121,-0.7787801976
197,xxx197,통신 및 방송 장비 제조업,120,
198,xxx198,특수 목적용 기계 제조업,120,
199,xxx199,기타 금융업,120,-4.236519051
200,xxx200,특수 목적용 기계 제조업,119,-4.01086884
201,xxx201,자연과학 및 공학 연구개발업,119,
202,xxx202,일반 목적용 기계 제조업,119,-3.375125141
203,xxx203,부동산 임대 및 공급업,119,-4.907451058
204,xxx204,전자부품 제조업,118,4.588075753
205,xxx205,기타 금융업,118,-4.651536107
206,xxx206,의약품 제조업,118,4.996410303
207,xxx207,기타 금융업,118,3.937128927
208,xxx208,특수 목적용 기계 제조업,117,
209,xxx209,기초 의약물질 및 생물학적 제제 제조업,117,-3.84425039
210,xxx210,의료용품 및 기타 의약 관련제품 제조업,117,
211,xxx211,전자부품 제조업,117,-4.181318452
212,xxx212,기초 화학물질 제조업,115,-4.494967046
213,xxx213,기초 화학물질 제조업,115,4.529790503
214,xxx214,"전동기, 발전기 및 전기 변환 · 공급 · 제어 장치 제조업",115,-2.980202289
215,xxx215,"측정, 시험, 항해, 제어 및 기타 정밀기기 제조업; 광학기기 제외",115,
216,xxx216,항공 여객 운송업,114,-4.244728759
217,xxx217,전자부품 제조업,114,-3.066186066
218,xxx218,기초 의약물질 및 생물학적 제제 제조업,114,-2.821475277
219,xxx219,전자부품 제조업,114,-4.073067164
220,xxx220,일차전지 및 축전지 제조업,114,-3.817464423
221,xxx221,자동차 신품 부품 제조업,113,
222,xxx222,사진장비 및 광학기기 제조업,113,
223,xxx223,전기업,113,4.69199718
224,xxx224,기타 식품 제조업,113,-2.540370194
225,xxx225,기초 의약물질 및 생물학적 제제 제조업,113,-0.1222176327
226,xxx226,"영화, 비디오물, 방송프로그램 제작 및 배급업",112,-4.306145837
227,xxx227,기초 화학물질 제조업,112,-3.85965502
228,xxx228,소프트웨어 개발 및 공급업,111,
229,xxx229,금융 지원 서비스업,111,5.970986016
230,xxx230,특수 목적용 기계 제조업,110,
231,xxx231,전자부품 제조업,110,-4.003410757
232,xxx232,일차전지 및 축전지 제조업,110,-4.043848398
233,xxx233,특수 목적용 기계 제조업,110,2.207274913
234,xxx234,기타 식품 제조업,109,5.474503935
235,xxx235,"펄프, 종이 및 판지 제조업",107,-3.512769097
236,xxx236,부동산 임대 및 공급업,107,-3.685759327
237,xxx237,의료용 기기 제조업,107,
238,xxx238,해상 운송업,107,4.374992608
239,xxx239,알코올음료 제조업,105,-4.184280608
240,xxx240,반도체 제조업,104,-4.379619895
241,xxx241,특수 목적용 기계 제조업,104,-3.179655112
242,xxx242,해상 운송업,103,-5.332906384
243,xxx243,가구 제조업,103,3.71267912
244,xxx244,자연과학 및 공학 연구개발업,103,
245,xxx245,특수 목적용 기계 제조업,102,-0.8164453969
246,xxx246,은행 및 저축기관,102,4.70652268
247,xxx247,전자부품 제조업,102,-4.195494545
248,xxx248,의료용 기기 제조업,101,-3.85097797
249,xxx249,전자부품 제조업,101,-6.132087075
250,xxx250,소프트웨어 개발 및 공급업,101,0.8572481912
251,xxx251,1차 비철금속 제조업,101,
252,xxx252,철도장비 제조업,101,-4.170189592
253,xxx253,기타 금융업,101,-2.400155106
254,xxx254,고무제품 제조업,101,
255,xxx255,특수 목적용 기계 제조업,100,-4.200017529
256,xxx256,기타 화학제품 제조업,99,-3.218875825
257,xxx257,봉제의복 제조업,99,-4.984021646
258,xxx258,특수 목적용 기계 제조업,99,4.86986274
259,xxx259,특수 목적용 기계 제조업,99,4.140405336
260,xxx260,자연과학 및 공학 연구개발업,99,
261,xxx261,기초 의약물질 및 생물학적 제제 제조업,99,2.863812348
262,xxx262,기타 금속 가공제품 제조업,98,
263,xxx263,담배 제조업,98,2.479133871
264,xxx264,생활용품 도매업,98,-4.244600398
265,xxx265,의료용품 및 기타 의약 관련제품 제조업,98,4.640261506
266,xxx266,기타 식품 제조업,98,
267,xxx267,소프트웨어 개발 및 공급업,97,-3.259137576
268,xxx268,영상 및 음향기기 제조업,96,-4.210674109
269,xxx269,1차 비철금속 제조업,96,-3.242406322
270,xxx270,소프트웨어 개발 및 공급업,96,
271,xxx271,일반 목적용 기계 제조업,96,
272,xxx272,특수 목적용 기계 제조업,96,
273,xxx273,음·식료품 및 담배 도매업,95,-3.802849418
274,xxx274,반도체 제조업,95,-3.547800856
275,xxx275,화학섬유 제조업,95,-3.818759095
276,xxx276,의약품 제조업,95,
277,xxx277,"전동기, 발전기 및 전기 변환 · 공급 · 제어 장치 제조업",94,-3.101624563
278,xxx278,상품 종합 도매업,93,-3.070931089
279,xxx279,전자부품 제조업,93,-4.206593739
280,xxx280,기타 화학제품 제조업,92,
281,xxx281,자연과학 및 공학 연구개발업,92,
282,xxx282,특수 목적용 기계 제조업,92,
283,xxx283,의료용품 및 기타 의약 관련제품 제조업,92,
284,xxx284,자동차 신품 부품 제조업,92,
285,xxx285,기타 금융업,91,1.952445218
286,xxx286,알코올음료 제조업,91,
287,xxx287,"그외 기타 전문, 과학 및 기술 서비스업",91,
288,xxx288,기타 과학기술 서비스업,91,
289,xxx289,일반 목적용 기계 제조업,91,1.347073648
290,xxx290,절연선 및 케이블 제조업,90,
291,xxx291,특수 목적용 기계 제조업,89,5.948416294
292,xxx292,신발 및 신발 부분품 제조업,89,-4.461102888
293,xxx293,플라스틱제품 제조업,89,-4.144433279
294,xxx294,기타 화학제품 제조업,88,4.376328614
295,xxx295,기타 금융업,88,-3.738751284
296,xxx296,절연선 및 케이블 제조업,87,-5.077326669
297,xxx297,생활용품 도매업,87,-5.25725588
298,xxx298,자동차 신품 부품 제조업,87,
299,xxx299,특수 목적용 기계 제조업,86,-3.037146059
300,xxx300,특수 목적용 기계 제조업,86,-4.121114803
301,xxx301,소프트웨어 개발 및 공급업,86,-2.310307139
302,xxx302,방적 및 가공사 제조업,85,
303,xxx303,1차 철강 제조업,85,-5.445722658
304,xxx304,의료용 기기 제조업,84,1.139434283
305,xxx305,자연과학 및 공학 연구개발업,84,-4.148069962
306,xxx306,소프트웨어 개발 및 공급업,84,-4.02874728
307,xxx307,특수 목적용 기계 제조업,84,6.551080335
308,xxx308,의료용 기기 제조업,83,
309,xxx309,통신 및 방송 장비 제조업,82,2.851692903
310,xxx310,의료용 기기 제조업,82,-3.599158004
311,xxx311,의료용품 및 기타 의약 관련제품 제조업,81,
312,xxx312,기타 식품 제조업,81,
313,xxx313,특수 목적용 기계 제조업,81,-4.305065594
314,xxx314,기타 화학제품 제조업,80,
315,xxx315,"컴퓨터 프로그래밍, 시스템 통합 및 관리업",80,-3.251665648
316,xxx316,특수 목적용 기계 제조업,80,3.240078033
317,xxx317,의료용 기기 제조업,80,
318,xxx318,기타 식품 제조업,79,-3.924601788
319,xxx319,항공 여객 운송업,79,4.475609201
320,xxx320,기타 과학기술 서비스업,79,
321,xxx321,의약품 제조업,78,1.89914223
322,xxx322,자연과학 및 공학 연구개발업,78,
323,xxx323,기타 화학제품 제조업,78,-4.026136312
324,xxx324,의료용품 및 기타 의약 관련제품 제조업,78,
325,xxx325,1차 철강 제조업,78,
326,xxx326,폐기물 처리업,78,-4.094344562
327,xxx327,기초 화학물질 제조업,77,
328,xxx328,자연과학 및 공학 연구개발업,77,
329,xxx329,의약품 제조업,77,
330,xxx330,자동차 신품 부품 제조업,77,-0.9545119447
331,xxx331,보험업,77,-3.834731331
332,xxx332,소프트웨어 개발 및 공급업,77,-2.995732274
333,xxx333,"시멘트, 석회, 플라스터 및 그 제품 제조업",76,-3.418589124
334,xxx334,의료용품 및 기타 의약 관련제품 제조업,76,-1.778514242
335,xxx335,전구 및 조명장치 제조업,76,
336,xxx336,소프트웨어 개발 및 공급업,76,
337,xxx337,"구조용 금속제품, 탱크 및 증기발생기 제조업",76,
338,xxx338,"영화, 비디오물, 방송프로그램 제작 및 배급업",75,-3.742946675
339,xxx339,자연과학 및 공학 연구개발업,75,
340,xxx340,의약품 제조업,75,
341,xxx341,기타 금융업,74,-4.037186148
342,xxx342,"골판지, 종이 상자 및 종이용기 제조업",74,
343,xxx343,기타 금융업,74,-4.605170186
344,xxx344,기타 화학제품 제조업,74,
345,xxx345,선박 및 보트 건조업,73,-3.882404642
346,xxx346,자동차 신품 부품 제조업,73,
347,xxx347,기타 정보 서비스업,73,-3.192659983
348,xxx348,기타 화학제품 제조업,72,-4.127134385
349,xxx349,보험업,72,-4.465269345
350,xxx350,유리 및 유리제품 제조업,72,4.738088646
351,xxx351,의료용 기기 제조업,71,-3.761180848
352,xxx352,소프트웨어 개발 및 공급업,71,-3.600586847
353,xxx353,소프트웨어 개발 및 공급업,70,-4.856484614
354,xxx354,전기 및 통신 공사업,70,-1.361258283
355,xxx355,부동산 임대 및 공급업,70,-3.23306046
356,xxx356,금융 지원 서비스업,70,3.170085661
357,xxx357,전자부품 제조업,70,-3.575550769
358,xxx358,자동차 신품 부품 제조업,70,
359,xxx359,반도체 제조업,70,4.140864578
360,xxx360,토목 건설업,70,
361,xxx361,특수 목적용 기계 제조업,70,3.670860949
362,xxx362,영상 및 음향기기 제조업,70,1.811962177
363,xxx363,플라스틱제품 제조업,70,
364,xxx364,"영화, 비디오물, 방송프로그램 제작 및 배급업",69,3.624340933
365,xxx365,기타 전기장비 제조업,68,
366,xxx366,소프트웨어 개발 및 공급업,68,-4.907451058
367,xxx367,기타 교육기관,68,-3.126502505
368,xxx368,기타 금융업,68,-3.39479661
369,xxx369,기타 화학제품 제조업,68,
370,xxx370,보험업,68,-4.679161438
371,xxx371,소프트웨어 개발 및 공급업,68,3.969181419
372,xxx372,"영화, 비디오물, 방송프로그램 제작 및 배급업",68,-4.135166557
373,xxx373,플라스틱제품 제조업,68,1.261131218
374,xxx374,소프트웨어 개발 및 공급업,68,
375,xxx375,유원지 및 기타 오락관련 서비스업,68,-3.464052697
376,xxx376,기타 전기장비 제조업,67,-3.57671816
377,xxx377,초등 교육기관,67,-3.936594266
378,xxx378,특수 목적용 기계 제조업,67,
379,xxx379,"영화, 비디오물, 방송프로그램 제작 및 배급업",67,4.889113936
380,xxx380,소프트웨어 개발 및 공급업,67,
381,xxx381,1차 철강 제조업,66,-2.954489315
382,xxx382,의료용 기기 제조업,66,
383,xxx383,1차 철강 제조업,66,
384,xxx384,합성고무 및 플라스틱 물질 제조업,66,-2.420849013
385,xxx385,기타 정보 서비스업,66,-3.248728788
386,xxx386,전자부품 제조업,65,-3.390147545
387,xxx387,"곡물가공품, 전분 및 전분제품 제조업",65,
388,xxx388,자연과학 및 공학 연구개발업,65,
389,xxx389,의약품 제조업,65,3.33220451
390,xxx390,기초 의약물질 및 생물학적 제제 제조업,65,-4.144354983
391,xxx391,기타 화학제품 제조업,64,
392,xxx392,특수 목적용 기계 제조업,64,4.023248641
393,xxx393,기타 화학제품 제조업,64,4.346237527
394,xxx394,전자부품 제조업,64,
395,xxx395,일반 및 생활 숙박시설 운영업,64,
396,xxx396,"그외 기타 전문, 과학 및 기술 서비스업",64,-4.220399392
397,xxx397,의료용 기기 제조업,64,-3.583518938
398,xxx398,자동차 판매업,64,-4.043599363
399,xxx399,"건축기술, 엔지니어링 및 관련 기술 서비스업",64,
400,xxx400,기타 화학제품 제조업,63,5.189423278
401,xxx401,의약품 제조업,63,
402,xxx402,반도체 제조업,63,-5.064702515
403,xxx403,전자부품 제조업,62,-3.199331229
404,xxx404,기타 금융업,62,
405,xxx405,자동차 신품 부품 제조업,62,
406,xxx406,특수 목적용 기계 제조업,62,2.934771574
407,xxx407,보험업,62,0.9480394302
408,xxx408,"비료, 농약 및 살균, 살충제 제조업",61,
409,xxx409,1차 철강 제조업,61,-5.550542127
410,xxx410,전자부품 제조업,61,4.255496438
411,xxx411,기타 전문 도매업,61,-4.114182904
412,xxx412,연료용 가스 제조 및 배관공급업,61,-4.300958812
413,xxx413,그외 기타 제품 제조업,61,-1.672951318
414,xxx414,특수 목적용 기계 제조업,61,-4.542872466
415,xxx415,"자료처리, 호스팅, 포털 및 기타 인터넷 정보매개 서비스업",60,2.233592222
416,xxx416,통신 및 방송 장비 제조업,60,4.268697949
417,xxx417,기타 금융업,60,inf
418,xxx418,기타 종이 및 판지 제품 제조업,60,
419,xxx419,의료용 기기 제조업,60,
420,xxx420,기타 전문 도매업,60,4.941642423
421,xxx421,"곡물가공품, 전분 및 전분제품 제조업",60,
422,xxx422,1차 철강 제조업,60,
423,xxx423,자동차 신품 부품 제조업,60,2.679879324
424,xxx424,회사 본부 및 경영 컨설팅 서비스업,59,
425,xxx425,플라스틱제품 제조업,59,-4.738171777
426,xxx426,자동차 신품 부품 제조업,59,-4.062606584
427,xxx427,텔레비전 방송업,59,-4.034190639
428,xxx428,기타 금융업,59,-3.41336412
429,xxx429,운동 및 경기용구 제조업,59,
430,xxx430,유원지 및 기타 오락관련 서비스업,59,-4.024140304
431,xxx431,의약품 제조업,59,
432,xxx432,의료용 기기 제조업,58,-2.165861128
433,xxx433,"자료처리, 호스팅, 포털 및 기타 인터넷 정보매개 서비스업",58,0.9501922835
434,xxx434,자연과학 및 공학 연구개발업,58,
435,xxx435,반도체 제조업,58,4.697340646
436,xxx436,부동산 임대 및 공급업,58,-4.749419795
437,xxx437,의료용 기기 제조업,58,-3.211058923
438,xxx438,일반 목적용 기계 제조업,57,-3.618475814
439,xxx439,의약품 제조업,57,
440,xxx440,"전동기, 발전기 및 전기 변환 · 공급 · 제어 장치 제조업",57,-4.184719207
441,xxx441,가전제품 및 정보통신장비 소매업,57,2.940689918
442,xxx442,기초 화학물질 제조업,57,4.852578359
443,xxx443,통신 및 방송 장비 제조업,57,5.347942604
444,xxx444,"내화, 비내화 요업제품 제조업",56,
445,xxx445,전기 통신업,56,
446,xxx446,비알코올음료 및 얼음 제조업,56,-4.268697949
447,xxx447,통신 및 방송 장비 제조업,56,
448,xxx448,일반 목적용 기계 제조업,56,4.738701579
449,xxx449,의료용품 및 기타 의약 관련제품 제조업,55,
450,xxx450,제재 및 목재 가공업,55,
451,xxx451,전자부품 제조업,55,-4.380510334
452,xxx452,특수 목적용 기계 제조업,55,5.362637332
453,xxx453,금융 지원 서비스업,54,5.846403093
454,xxx454,의약품 제조업,54,3.459155658
455,xxx455,소프트웨어 개발 및 공급업,54,
456,xxx456,의약품 제조업,54,-2.452397371
457,xxx457,반도체 제조업,54,0.6161861394
458,xxx458,오디오물 출판 및 원판 녹음업,54,-4.039362428
459,xxx459,의약품 제조업,53,-3.67940071
460,xxx460,"측정, 시험, 항해, 제어 및 기타 정밀기기 제조업; 광학기기 제외",53,-4.027707404
461,xxx461,소프트웨어 개발 및 공급업,53,-4.605170186
462,xxx462,일반 목적용 기계 제조업,53,
463,xxx463,기타 금융업,53,-4.145712727
464,xxx464,기타 금융업,52,-3.82899967
465,xxx465,화학섬유 제조업,52,-3.769907869
466,xxx466,부동산 임대 및 공급업,52,inf
467,xxx467,기계장비 및 관련 물품 도매업,52,
468,xxx468,소프트웨어 개발 및 공급업,51,
469,xxx469,"영화, 비디오물, 방송프로그램 제작 및 배급업",51,
470,xxx470,기타 화학제품 제조업,51,
471,xxx471,특수 목적용 기계 제조업,51,
472,xxx472,"영화, 비디오물, 방송프로그램 제작 및 배급업",51,-4.284262466
473,xxx473,전자부품 제조업,51,3.344353483
474,xxx474,"펄프, 종이 및 판지 제조업",50,
475,xxx475,텔레비전 방송업,50,2.207919866
476,xxx476,통신 및 방송 장비 제조업,50,-3.854393893
477,xxx477,소프트웨어 개발 및 공급업,50,
478,xxx478,특수 목적용 기계 제조업,50,4.682131227
479,xxx479,1차 철강 제조업,50,-4.256953578
480,xxx480,기타 정보 서비스업,50,-3.737669618
481,xxx481,고무제품 제조업,49,-5.22968886
482,xxx482,소프트웨어 개발 및 공급업,49,
483,xxx483,기타 화학제품 제조업,49,
484,xxx484,기초 화학물질 제조업,49,4.26411604
485,xxx485,가정용 기기 제조업,49,0.7133498879
486,xxx486,자동차 신품 부품 제조업,49,-3.278299245
487,xxx487,기타 정보 서비스업,49,
488,xxx488,반도체 제조업,48,
489,xxx489,"시멘트, 석회, 플라스터 및 그 제품 제조업",48,
490,xxx490,전자부품 제조업,48,-3.506557897
491,xxx491,자동차 차체 및 트레일러 제조업,48,
492,xxx492,"그외 기타 전문, 과학 및 기술 서비스업",48,5.530939662
493,xxx493,기타 식품 제조업,48,-3.37850597
494,xxx494,자연과학 및 공학 연구개발업,48,
495,xxx495,의료용 기기 제조업,48,-3.992065713
496,xxx496,기타 화학제품 제조업,48,
497,xxx497,기초 의약물질 및 생물학적 제제 제조업,48,-4.029806041
498,xxx498,특수 목적용 기계 제조업,47,-3.488551871
499,xxx499,기타 화학제품 제조업,47,
500,xxx500,소프트웨어 개발 및 공급업,47,
501,xxx501,생활용품 도매업,47,
502,xxx502,자연과학 및 공학 연구개발업,47,
503,xxx503,기타 섬유제품 제조업,46,
504,xxx504,전자부품 제조업,46,-4.451422002
505,xxx505,소프트웨어 개발 및 공급업,46,
506,xxx506,상품 종합 도매업,46,-3.336336747
507,xxx507,의료용품 및 기타 의약 관련제품 제조업,45,6.05376843
508,xxx508,전구 및 조명장치 제조업,45,
509,xxx509,자연과학 및 공학 연구개발업,45,4.094344562
510,xxx510,자동차 신품 부품 제조업,45,
511,xxx511,1차 철강 제조업,45,-4.776318442
512,xxx512,반도체 제조업,45,-3.120895417
513,xxx513,특수 목적용 기계 제조업,45,
514,xxx514,자연과학 및 공학 연구개발업,44,
515,xxx515,통신 및 방송 장비 제조업,44,
516,xxx516,그외 기타 운송장비 제조업,44,4.569792347
517,xxx517,반도체 제조업,44,-3.616736334
518,xxx518,의약품 제조업,44,-5.718820352
519,xxx519,기타 화학제품 제조업,43,-4.103635236
520,xxx520,특수 목적용 기계 제조업,43,5.343779741
521,xxx521,동물용 사료 및 조제식품 제조업,43,
522,xxx522,기초 화학물질 제조업,42,3.925240589
523,xxx523,기초 의약물질 및 생물학적 제제 제조업,42,4.157367267
524,xxx524,일차전지 및 축전지 제조업,42,
525,xxx525,기초 의약물질 및 생물학적 제제 제조업,42,-3.942176044
526,xxx526,전문디자인업,42,1.897119985
527,xxx527,"구조용 금속제품, 탱크 및 증기발생기 제조업",42,-3.301763485
528,xxx528,기초 의약물질 및 생물학적 제제 제조업,42,
529,xxx529,"구조용 금속제품, 탱크 및 증기발생기 제조업",41,-3.6949585
530,xxx530,"경비, 경호 및 탐정업",41,4.095360306
531,xxx531,의약품 제조업,41,-3.312879073
532,xxx532,"시멘트, 석회, 플라스터 및 그 제품 제조업",41,4.91694981
533,xxx533,일반 목적용 기계 제조업,41,-2.73742481
534,xxx534,특수 목적용 기계 제조업,41,
535,xxx535,의약품 제조업,41,2.999477596
536,xxx536,특수 목적용 기계 제조업,41,-3.724811463
537,xxx537,일반 교습 학원,41,-6.780476078
538,xxx538,특수 목적용 기계 제조업,40,-6.069582326
539,xxx539,의약품 제조업,40,
540,xxx540,기타 식품 제조업,40,
541,xxx541,신탁업 및 집합투자업,40,-0.4700036292
542,xxx542,부동산 임대 및 공급업,40,-3.218875825
543,xxx543,일반 목적용 기계 제조업,40,4.15449083
544,xxx544,건물 건설업,40,-3.92620764
545,xxx545,"섬유, 의복, 신발 및 가죽제품 소매업",39,4.74827103
546,xxx546,도로 화물 운송업,39,-3.276983456
547,xxx547,일반 목적용 기계 제조업,39,-3.759220943
548,xxx548,부동산 임대 및 공급업,39,-3.480582411
549,xxx549,합성고무 및 플라스틱 물질 제조업,39,
550,xxx550,자동차 신품 부품 제조업,39,
551,xxx551,특수 목적용 기계 제조업,39,-1.480605041
552,xxx552,기타 식품 제조업,38,-2.995732274
553,xxx553,기타 전문 도매업,38,-4.387649892
554,xxx554,통신 및 방송 장비 제조업,38,5.113275645
555,xxx555,특수 목적용 기계 제조업,38,
556,xxx556,"증기, 냉·온수 및 공기조절 공급업",38,-3.34713016
557,xxx557,"건축기술, 엔지니어링 및 관련 기술 서비스업",38,
558,xxx558,기타 화학제품 제조업,38,-2.531559565
559,xxx559,"항공기,우주선 및 부품 제조업",37,
560,xxx560,특수 목적용 기계 제조업,37,1.33072451
561,xxx561,기타 금융업,37,2.092864562
562,xxx562,기타 금융업,36,2.679879324
563,xxx563,1차 철강 제조업,36,inf
564,xxx564,석유 정제품 제조업,36,4.040448794
565,xxx565,전자부품 제조업,36,
566,xxx566,"영화, 비디오물, 방송프로그램 제작 및 배급업",36,-2.407945609
567,xxx567,토목 건설업,36,
568,xxx568,"건축기술, 엔지니어링 및 관련 기술 서비스업",36,2.602101623
569,xxx569,기초 화학물질 제조업,36,
570,xxx570,반도체 제조업,36,-3.514340038
571,xxx571,"전동기, 발전기 및 전기 변환 · 공급 · 제어 장치 제조업",35,
572,xxx572,화학섬유 제조업,35,-4.829455942
573,xxx573,상품 종합 도매업,35,-3.575550769
574,xxx574,플라스틱제품 제조업,35,-4.031455474
575,xxx575,일반 목적용 기계 제조업,35,-4.268697949
576,xxx576,의약품 제조업,35,-3.741065207
577,xxx577,"전동기, 발전기 및 전기 변환 · 공급 · 제어 장치 제조업",35,inf
578,xxx578,의료용품 및 기타 의약 관련제품 제조업,35,-4.477336814
579,xxx579,회사 본부 및 경영 컨설팅 서비스업,35,
580,xxx580,반도체 제조업,34,3.662807214
581,xxx581,기타 비금속 광물제품 제조업,34,-4.078880337
582,xxx582,기타 화학제품 제조업,34,-4.023248641
583,xxx583,플라스틱제품 제조업,34,4.532757608
584,xxx584,영상 및 음향기기 제조업,34,-3.941010542
585,xxx585,사진장비 및 광학기기 제조업,34,
586,xxx586,특수 목적용 기계 제조업,33,
587,xxx587,특수 목적용 기계 제조업,33,-3.941875969
588,xxx588,기타 화학제품 제조업,33,
589,xxx589,산업용 기계 및 장비 임대업,33,-2.645529844
590,xxx590,통신 및 방송 장비 제조업,33,-4.253564248
591,xxx591,기타 전기장비 제조업,33,4.254967757
592,xxx592,전자부품 제조업,33,3.593569274
593,xxx593,기초 화학물질 제조업,32,-4.009125836
594,xxx594,의료용 기기 제조업,32,4.13733811
595,xxx595,부동산 임대 및 공급업,32,
596,xxx596,부동산 임대 및 공급업,32,
597,xxx597,자동차 부품 및 내장품 판매업,32,
598,xxx598,일반 목적용 기계 제조업,32,inf
599,xxx599,의약품 제조업,31,1.92259907
600,xxx600,선박 및 보트 건조업,31,2.506184048
601,xxx601,의료용품 및 기타 의약 관련제품 제조업,31,1.904070491
602,xxx602,의약품 제조업,31,
603,xxx603,연료용 가스 제조 및 배관공급업,31,inf
604,xxx604,기타 화학제품 제조업,31,
605,xxx605,"측정, 시험, 항해, 제어 및 기타 정밀기기 제조업; 광학기기 제외",30,-2.302585093
606,xxx606,보험업,30,-5.560681631
607,xxx607,부동산 임대 및 공급업,30,3.912023005
608,xxx608,소프트웨어 개발 및 공급업,30,4.837502163
609,xxx609,부동산 임대 및 공급업,30,3.869463391
610,xxx610,여행사 및 기타 여행보조 서비스업,30,-3.976561527
611,xxx611,전자부품 제조업,30,inf
612,xxx612,전자부품 제조업,29,2.684793339
613,xxx613,컴퓨터 및 주변장치 제조업,29,2.731799381
614,xxx614,자연과학 및 공학 연구개발업,29,-3.435098933
615,xxx615,소프트웨어 개발 및 공급업,29,-2.98311381
616,xxx616,기타 화학제품 제조업,29,-2.436957175
617,xxx617,"영화, 비디오물, 방송프로그램 제작 및 배급업",29,4.373368572
618,xxx618,전자부품 제조업,29,-4.367554602
619,xxx619,금융 지원 서비스업,28,-5.08279774
620,xxx620,"컴퓨터 프로그래밍, 시스템 통합 및 관리업",28,1.496109227
621,xxx621,통신 및 방송 장비 제조업,28,
622,xxx622,"컴퓨터 프로그래밍, 시스템 통합 및 관리업",28,-5.271166377
623,xxx623,의복 액세서리 제조업,28,6.017897804
624,xxx624,기타 식품 제조업,28,
625,xxx625,건물 건설업,28,-2.946942109
626,xxx626,자동차 신품 부품 제조업,27,
627,xxx627,특수 목적용 기계 제조업,27,-3.63172104
628,xxx628,기타 식품 제조업,27,-4.00781407
629,xxx629,종합 소매업,27,4.334624396
630,xxx630,전자부품 제조업,27,
631,xxx631,특수 목적용 기계 제조업,27,4.298986547
632,xxx632,"항공기,우주선 및 부품 제조업",26,
633,xxx633,의약품 제조업,26,3.593569274
634,xxx634,통신 및 방송 장비 제조업,26,
635,xxx635,기타 화학제품 제조업,26,3.566277132
636,xxx636,해상 운송업,26,-3.339503813
637,xxx637,특수 목적용 기계 제조업,26,1.42118162
638,xxx638,금융 지원 서비스업,26,-4.605170186
639,xxx639,"영화, 비디오물, 방송프로그램 제작 및 배급업",26,
640,xxx640,기초 의약물질 및 생물학적 제제 제조업,26,inf
641,xxx641,토목 건설업,26,3.714197262
642,xxx642,전자부품 제조업,26,-3.26399626
643,xxx643,자연과학 및 공학 연구개발업,26,
644,xxx644,소프트웨어 개발 및 공급업,25,-2.284235954
645,xxx645,운송장비 임대업,25,-3.688879454
646,xxx646,기타 금융업,25,inf
647,xxx647,전자부품 제조업,25,
648,xxx648,운송장비 임대업,25,5.161351511
649,xxx649,기초 의약물질 및 생물학적 제제 제조업,25,1.897119985
650,xxx650,소프트웨어 개발 및 공급업,25,
651,xxx651,"그외 기타 전문, 과학 및 기술 서비스업",25,
652,xxx652,기타 화학제품 제조업,25,
653,xxx653,의료용 기기 제조업,24,
654,xxx654,특수 목적용 기계 제조업,24,6.597600351
655,xxx655,기타 화학제품 제조업,24,4.640261506
656,xxx656,소프트웨어 개발 및 공급업,24,
657,xxx657,반도체 제조업,24,-3.403179543
658,xxx658,음·식료품 및 담배 도매업,23,-3.867571243
659,xxx659,특수 목적용 기계 제조업,23,-4.94060669
660,xxx660,자동차 판매업,23,-3.888736054
661,xxx661,반도체 제조업,23,
662,xxx662,의약품 제조업,23,-4.254687212
663,xxx663,그외 기타 운송장비 제조업,22,
664,xxx664,특수 목적용 기계 제조업,22,3.593569274
665,xxx665,기타 금융업,22,-4.364834234
666,xxx666,"시멘트, 석회, 플라스터 및 그 제품 제조업",22,
667,xxx667,전자부품 제조업,22,1.999635548
668,xxx668,토목 건설업,22,
669,xxx669,의약품 제조업,21,4.367952907
670,xxx670,동물용 사료 및 조제식품 제조업,21,3.432449925
671,xxx671,기타 금융업,21,-3.896022664
672,xxx672,소프트웨어 개발 및 공급업,21,
673,xxx673,기타 전기장비 제조업,21,
674,xxx674,특수 목적용 기계 제조업,21,4.927943578
675,xxx675,특수 목적용 기계 제조업,21,5.878135862
676,xxx676,금융 지원 서비스업,21,
677,xxx677,기타 식품 제조업,20,
678,xxx678,여행사 및 기타 여행보조 서비스업,20,-3.444122426
679,xxx679,1차 비철금속 제조업,20,
680,xxx680,자동차 신품 부품 제조업,20,-0.6931471806
681,xxx681,도로 화물 운송업,20,4.094344562
682,xxx682,무점포 소매업,20,-2.238046572
683,xxx683,특수 목적용 기계 제조업,20,-4.900371091
684,xxx684,기타 금융업,20,-6.522092798
685,xxx685,의료용 기기 제조업,20,
686,xxx686,"구조용 금속제품, 탱크 및 증기발생기 제조업",20,-4.505963536
687,xxx687,"컴퓨터 프로그래밍, 시스템 통합 및 관리업",20,
688,xxx688,소프트웨어 개발 및 공급업,20,-4.605170186
689,xxx689,의료용 기기 제조업,20,
690,xxx690,기타 화학제품 제조업,20,4.941642423
691,xxx691,보험 및 연금관련 서비스업,20,
692,xxx692,기타 화학제품 제조업,20,3.200526686
693,xxx693,소프트웨어 개발 및 공급업,20,3.636036973
694,xxx694,소프트웨어 개발 및 공급업,20,-4.094344562
695,xxx695,"전동기, 발전기 및 전기 변환 · 공급 · 제어 장치 제조업",20,
696,xxx696,보험업,20,-4.49980967
697,xxx697,"그외 기타 전문, 과학 및 기술 서비스업",19,-5.149634169
698,xxx698,기초 화학물질 제조업,19,-3.270169119
699,xxx699,전자부품 제조업,19,
700,xxx700,일차전지 및 축전지 제조업,19,-2.314657674
701,xxx701,"그외 기타 전문, 과학 및 기술 서비스업",19,
702,xxx702,"전동기, 발전기 및 전기 변환 · 공급 · 제어 장치 제조업",19,3.270169119
703,xxx703,일반 목적용 기계 제조업,19,3.498101187
704,xxx704,소프트웨어 개발 및 공급업,19,-4.05862648
705,xxx705,자동차 신품 부품 제조업,19,-3.606641356
706,xxx706,소프트웨어 개발 및 공급업,19,
707,xxx707,"내화, 비내화 요업제품 제조업",18,-5.416100402
708,xxx708,플라스틱제품 제조업,18,-4.077102756
709,xxx709,기초 의약물질 및 생물학적 제제 제조업,18,-4.089704183
710,xxx710,일차전지 및 축전지 제조업,18,-4.605170186
711,xxx711,자연과학 및 공학 연구개발업,18,
712,xxx712,기초 의약물질 및 생물학적 제제 제조업,18,-3.054572774
713,xxx713,기초 화학물질 제조업,18,
714,xxx714,"영화, 비디오물, 방송프로그램 제작 및 배급업",18,
715,xxx715,"전동기, 발전기 및 전기 변환 · 공급 · 제어 장치 제조업",18,-4.017383521
716,xxx716,사진장비 및 광학기기 제조업,18,-5.403677882
717,xxx717,기타 화학제품 제조업,18,
718,xxx718,실내건축 및 건축마무리 공사업,18,
719,xxx719,신탁업 및 집합투자업,18,-3.560625119
720,xxx720,통신 및 방송 장비 제조업,17,-5.50962646
721,xxx721,편조의복 제조업,17,
722,xxx722,기타 금속 가공제품 제조업,17,3.717866991
723,xxx723,통신 및 방송 장비 제조업,17,
724,xxx724,전자부품 제조업,17,
725,xxx725,기타 정보 서비스업,17,
726,xxx726,항공 여객 운송업,17,
727,xxx727,건물 건설업,17,
728,xxx728,통신 및 방송 장비 제조업,17,
729,xxx729,통신 및 방송 장비 제조업,17,
730,xxx730,악기 제조업,16,-3.984343667
731,xxx731,일반 목적용 기계 제조업,16,
732,xxx732,기타 화학제품 제조업,16,0.2043004635
733,xxx733,컴퓨터 및 주변장치 제조업,16,
734,xxx734,전자부품 제조업,16,4.144216392
735,xxx735,기타 전기장비 제조업,16,
736,xxx736,"전동기, 발전기 및 전기 변환 · 공급 · 제어 장치 제조업",16,5.764407096
737,xxx737,산업용 농·축산물 및 동·식물 도매업,16,
738,xxx738,소프트웨어 개발 및 공급업,16,-4.907451058
739,xxx739,"구조용 금속제품, 탱크 및 증기발생기 제조업",16,-3.246784613
740,xxx740,"컴퓨터 프로그래밍, 시스템 통합 및 관리업",16,
741,xxx741,기타 화학제품 제조업,16,-2.944438979
742,xxx742,"펄프, 종이 및 판지 제조업",16,-1.910543005
743,xxx743,사진장비 및 광학기기 제조업,15,
744,xxx744,1차 철강 제조업,15,inf
745,xxx745,그외 기타 개인 서비스업,15,-4.605170186
746,xxx746,기타 식품 제조업,15,-5.646624061
747,xxx747,의약품 제조업,15,
748,xxx748,의료용 기기 제조업,15,-2.995732274
749,xxx749,기타 사업지원 서비스업,15,
750,xxx750,기타 금융업,15,-4.605170186
751,xxx751,기타 비금속 광물제품 제조업,15,
752,xxx752,자연과학 및 공학 연구개발업,15,inf
753,xxx753,전자부품 제조업,14,-3.947114325
754,xxx754,신탁업 및 집합투자업,14,
755,xxx755,소프트웨어 개발 및 공급업,14,-3.575550769
756,xxx756,"영화, 비디오물, 방송프로그램 제작 및 배급업",14,-2.659260037
757,xxx757,소프트웨어 개발 및 공급업,14,
758,xxx758,기타 금융업,14,-2.659260037
759,xxx759,기타 금융업,14,
760,xxx760,그외 기타 운송장비 제조업,14,3.688879454
761,xxx761,부동산 임대 및 공급업,14,-4.605170186
762,xxx762,전자부품 제조업,14,
763,xxx763,금융 지원 서비스업,14,-4.605170186
764,xxx764,기초 화학물질 제조업,14,4.640261506
765,xxx765,반도체 제조업,14,-4.605170186
766,xxx766,기계장비 및 관련 물품 도매업,14,inf
767,xxx767,"건축기술, 엔지니어링 및 관련 기술 서비스업",14,
768,xxx768,특수 목적용 기계 제조업,14,-2.719884659
769,xxx769,기타 정보 서비스업,14,-4.605170186
770,xxx770,낙농제품 및 식용빙과류 제조업,14,-3.816712826
771,xxx771,전자부품 제조업,14,-3.218875825
772,xxx772,상품 중개업,14,
773,xxx773,"섬유, 의복, 신발 및 가죽제품 소매업",13,
774,xxx774,기타 화학제품 제조업,13,-4.220847514
775,xxx775,플라스틱제품 제조업,13,4.053496509
776,xxx776,특수 목적용 기계 제조업,13,4.199705078
777,xxx777,기초 화학물질 제조업,13,-4.11966237
778,xxx778,특수 목적용 기계 제조업,13,3.968112472
779,xxx779,기초 화학물질 제조업,13,-3.371455412
780,xxx780,특수 목적용 기계 제조업,13,
781,xxx781,신탁업 및 집합투자업,13,-4.375595744
782,xxx782,토목 건설업,13,
783,xxx783,전자부품 제조업,13,-3.138833117
784,xxx784,"측정, 시험, 항해, 제어 및 기타 정밀기기 제조업; 광학기기 제외",13,
785,xxx785,특수 목적용 기계 제조업,13,4.337234876
786,xxx786,"영화, 비디오물, 방송프로그램 제작 및 배급업",13,-4.886917523
787,xxx787,합성고무 및 플라스틱 물질 제조업,13,-4.605170186
788,xxx788,기타 금융업,13,-4.605170186
789,xxx789,반도체 제조업,12,
790,xxx790,의약품 제조업,12,
791,xxx791,특수 목적용 기계 제조업,12,-3.673611982
792,xxx792,기타 화학제품 제조업,12,
793,xxx793,봉제의복 제조업,12,
794,xxx794,건물 건설업,12,
795,xxx795,소프트웨어 개발 및 공급업,12,-3.966090227
796,xxx796,소프트웨어 개발 및 공급업,12,
797,xxx797,전자부품 제조업,12,
798,xxx798,기타 금속 가공제품 제조업,12,-4.605170186
799,xxx799,텔레비전 방송업,12,
800,xxx800,고무제품 제조업,12,
801,xxx801,"전동기, 발전기 및 전기 변환 · 공급 · 제어 장치 제조업",12,
802,xxx802,기타 화학제품 제조업,12,-4.387221452
803,xxx803,기타 정보 서비스업,12,
804,xxx804,기타 운송관련 서비스업,12,
805,xxx805,기타 금융업,12,
806,xxx806,소프트웨어 개발 및 공급업,12,3.932642293
807,xxx807,소프트웨어 개발 및 공급업,12,2.407945609
808,xxx808,"건축기술, 엔지니어링 및 관련 기술 서비스업",11,-4.605170186
809,xxx809,기타 운송관련 서비스업,11,
810,xxx810,기초 화학물질 제조업,11,-5.413125095
811,xxx811,일반 교습 학원,11,6.618050961
812,xxx812,플라스틱제품 제조업,11,
813,xxx813,영상 및 음향기기 제조업,11,3.881251347
814,xxx814,부동산 임대 및 공급업,11,
815,xxx815,기타 운송관련 서비스업,11,
816,xxx816,기타 화학제품 제조업,11,-3.999034382
817,xxx817,기타 금속 가공제품 제조업,11,-2.746271414
818,xxx818,기타 화학제품 제조업,11,-3.816712826
819,xxx819,의약품 제조업,11,-inf
820,xxx820,기타 화학제품 제조업,11,-4.184437606
821,xxx821,소프트웨어 개발 및 공급업,11,
822,xxx822,기타 화학제품 제조업,11,
823,xxx823,선박 및 보트 건조업,11,-4.24415684
824,xxx824,여행사 및 기타 여행보조 서비스업,10,2.995732274
825,xxx825,가구 제조업,10,
826,xxx826,음식점업,10,4.573421488
827,xxx827,일반 목적용 기계 제조업,10,
828,xxx828,일차전지 및 축전지 제조업,10,5.470167623
829,xxx829,"자료처리, 호스팅, 포털 및 기타 인터넷 정보매개 서비스업",10,-2.302585093
830,xxx830,소프트웨어 개발 및 공급업,10,
831,xxx831,특수 목적용 기계 제조업,10,inf
832,xxx832,부동산 임대 및 공급업,10,
833,xxx833,소프트웨어 개발 및 공급업,10,
834,xxx834,통신 및 방송 장비 제조업,10,2.126694427
835,xxx835,그외 기타 제품 제조업,9,-4.605170186
836,xxx836,초등 교육기관,9,-4.605170186
837,xxx837,"서적, 잡지 및 기타 인쇄물 출판업",9,3.506557897
838,xxx838,의료용 기기 제조업,9,3.742946675
839,xxx839,특수 목적용 기계 제조업,9,
840,xxx840,그외 기타 제품 제조업,9,-4.972894966
841,xxx841,기초 의약물질 및 생물학적 제제 제조업,9,
842,xxx842,특수 목적용 기계 제조업,9,4.670015033
843,xxx843,전기 통신업,9,-2.120263536
844,xxx844,기타 금속 가공제품 제조업,9,3.782263779
845,xxx845,의약품 제조업,9,
846,xxx846,선박 및 보트 건조업,9,-3.324236341
847,xxx847,의료용 기기 제조업,9,-3.506557897
848,xxx848,전자부품 제조업,9,-4.193513108
849,xxx849,1차 비철금속 제조업,8,
850,xxx850,1차 철강 제조업,8,
851,xxx851,"영화, 비디오물, 방송프로그램 제작 및 배급업",8,-4.605170186
852,xxx852,일반 교습 학원,8,-4.471638793
853,xxx853,일차전지 및 축전지 제조업,8,-3.9310712
854,xxx854,특수 목적용 기계 제조업,8,4.364008129
855,xxx855,"그외 기타 전문, 과학 및 기술 서비스업",8,-3.218875825
856,xxx856,의료용품 및 기타 의약 관련제품 제조업,8,1.609437912
857,xxx857,건물설비 설치 공사업,8,4.043599363
858,xxx858,"그외 기타 전문, 과학 및 기술 서비스업",8,4.135166557
859,xxx859,기계장비 및 관련 물품 도매업,8,
860,xxx860,일차전지 및 축전지 제조업,8,
861,xxx861,기계장비 및 관련 물품 도매업,8,6.112864223
862,xxx862,플라스틱제품 제조업,8,2.430418465
863,xxx863,항공 여객 운송업,8,inf
864,xxx864,반도체 제조업,8,1.427116356
865,xxx865,기타 사업지원 서비스업,8,-4.605170186
866,xxx866,나무제품 제조업,8,inf
867,xxx867,의약품 제조업,8,6.396929655
868,xxx868,기초 화학물질 제조업,7,5.897938489
869,xxx869,기계장비 및 관련 물품 도매업,7,-4.605170186
870,xxx870,"전동기, 발전기 및 전기 변환 · 공급 · 제어 장치 제조업",7,
871,xxx871,반도체 제조업,7,
872,xxx872,의료용품 및 기타 의약 관련제품 제조업,7,1.15518264
873,xxx873,생활용품 도매업,7,
874,xxx874,일반 및 생활 숙박시설 운영업,7,3.796338606
875,xxx875,기타 과학기술 서비스업,7,
876,xxx876,자동차 신품 부품 제조업,7,
877,xxx877,플라스틱제품 제조업,7,4.451019506
878,xxx878,자동차 신품 부품 제조업,7,-4.605170186
879,xxx879,특수 목적용 기계 제조업,7,
880,xxx880,기초 화학물질 제조업,7,-3.447717397
881,xxx881,기초 의약물질 및 생물학적 제제 제조업,6,-4.199705078
882,xxx882,기타 섬유제품 제조업,6,
883,xxx883,기타 정보 서비스업,6,-4.605170186
884,xxx884,"컴퓨터 프로그래밍, 시스템 통합 및 관리업",6,
885,xxx885,낙농제품 및 식용빙과류 제조업,6,-5.521460918
886,xxx886,플라스틱제품 제조업,6,
887,xxx887,"영화, 비디오물, 방송프로그램 제작 및 배급업",6,
888,xxx888,"자료처리, 호스팅, 포털 및 기타 인터넷 정보매개 서비스업",6,-3.778491613
889,xxx889,건물 건설업,6,-5.140688422
890,xxx890,소프트웨어 개발 및 공급업,6,-4.605170186
891,xxx891,자연과학 및 공학 연구개발업,6,-4.605170186
892,xxx892,"자료처리, 호스팅, 포털 및 기타 인터넷 정보매개 서비스업",5,5.669880923
893,xxx893,기타 화학제품 제조업,5,-5.040488257
894,xxx894,소프트웨어 개발 및 공급업,5,4.094344562
895,xxx895,소프트웨어 개발 및 공급업,5,-5.075173815
896,xxx896,"가죽, 가방 및 유사제품 제조업",5,2.302585093
897,xxx897,교육지원 서비스업,5,
898,xxx898,자동차 신품 부품 제조업,5,
899,xxx899,기타 금융업,5,
900,xxx900,반도체 제조업,5,-5.155216523
901,xxx901,폐기물 처리업,5,
902,xxx902,자동차 부품 및 내장품 판매업,5,
903,xxx903,1차 철강 제조업,5,-4.787491743
904,xxx904,"전동기, 발전기 및 전기 변환 · 공급 · 제어 장치 제조업",5,
905,xxx905,기타 금융업,5,4.605170186
906,xxx906,자동차 신품 부품 제조업,5,
907,xxx907,토목 건설업,5,inf
908,xxx908,기타 식품 제조업,4,-5.040488257
909,xxx909,"전동기, 발전기 및 전기 변환 · 공급 · 제어 장치 제조업",4,
910,xxx910,"전동기, 발전기 및 전기 변환 · 공급 · 제어 장치 제조업",4,
911,xxx911,기초 화학물질 제조업,4,
912,xxx912,부동산 임대 및 공급업,4,-4.605170186
913,xxx913,자동차 신품 부품 제조업,4,
914,xxx914,의료용 기기 제조업,4,-4.605170186
915,xxx915,"자료처리, 호스팅, 포털 및 기타 인터넷 정보매개 서비스업",4,
916,xxx916,전자부품 제조업,4,
917,xxx917,합성고무 및 플라스틱 물질 제조업,4,
918,xxx918,전기 및 통신 공사업,4,-4.605170186
919,xxx919,기타 전문 도매업,4,-3.688879454
920,xxx920,폐기물 처리업,4,-3.729701449
921,xxx921,의약품 제조업,4,-4.605170186
922,xxx922,일반 목적용 기계 제조업,4,
923,xxx923,"시멘트, 석회, 플라스터 및 그 제품 제조업",4,
924,xxx924,고무제품 제조업,4,
925,xxx925,의약품 제조업,4,
926,xxx926,특수 목적용 기계 제조업,3,-5.026383651
927,xxx927,자연과학 및 공학 연구개발업,3,-4.605170186
928,xxx928,1차 철강 제조업,3,-5.11599581
929,xxx929,기타 금융업,3,
930,xxx930,회사 본부 및 경영 컨설팅 서비스업,3,-4.605170186
931,xxx931,의약품 제조업,3,
932,xxx932,통신 및 방송 장비 제조업,3,
933,xxx933,금융 지원 서비스업,2,-inf
934,xxx934,상품 종합 도매업,2,
935,xxx935,의약품 제조업,2,
936,xxx936,기타 화학제품 제조업,2,
937,xxx937,"섬유, 의복, 신발 및 가죽제품 소매업",2,
938,xxx938,부동산 임대 및 공급업,2,
939,xxx939,전기 통신업,2,
940,xxx940,기타 금융업,2,
941,xxx941,소프트웨어 개발 및 공급업,2,
942,xxx942,"도축, 육류 가공 및 저장 처리업",2,
943,xxx943,소프트웨어 개발 및 공급업,2,
944,xxx944,1차 비철금속 제조업,1,-4.605170186
945,xxx945,의약품 제조업,1,
946,xxx946,"컴퓨터 프로그래밍, 시스템 통합 및 관리업",1,
947,xxx947,은행 및 저축기관,1,
948,xxx948,기타 정보 서비스업,1,
949,xxx949,전자부품 제조업,1,
950,xxx950,의약품 제조업,1,-4.605170186